id,value
programming,
programming.processing,
programming.processing.basic,
programming.processing.basic.Variables,3938
programming.processing.basic.Conditionals,3812
programming.processing.basic.Images,743
programming.processing.intermediate,
programming.processing.intermediate.Sound,6714
programming.processing.intermediate.Video,6714
programming.JavaScript,
programming.JavaScript.basic,
programming.JavaScript.basic.html,6714
programming.JavaScript.basic.css,6714
programming.JavaScript.intermediate,
programming.JavaScript.intermediate.Video,6714
programming.Unity,
programming.Unity.basic,
programming.Unity.basic.Editor,6714
programming.Unity.intermediate,
programming.Unity.intermediate.Fractals,6714